group	level	cvar	value	source
AntiAliasingQuality	0	r.FXAA.Quality	0	engine
AntiAliasingQuality	0	r.TSR.History.R11G11B10	1	engine
AntiAliasingQuality	0	r.TSR.History.ScreenPercentage	100	game
AntiAliasingQuality	0	r.TSR.History.UpdateQuality	0	engine
AntiAliasingQuality	0	r.TSR.RejectionAntiAliasingQuality	0	engine
AntiAliasingQuality	0	r.TSR.ReprojectionField	0	engine
AntiAliasingQuality	0	r.TSR.Resurrection	0	engine
AntiAliasingQuality	0	r.TSR.ShadingRejection.Flickering	0	engine
AntiAliasingQuality	0	r.TemporalAA.Quality	0	engine
AntiAliasingQuality	1	r.FXAA.Quality	1	engine
AntiAliasingQuality	1	r.TSR.History.R11G11B10	1	engine
AntiAliasingQuality	1	r.TSR.History.ScreenPercentage	100	game
AntiAliasingQuality	1	r.TSR.History.UpdateQuality	1	engine
AntiAliasingQuality	1	r.TSR.RejectionAntiAliasingQuality	1	engine
AntiAliasingQuality	1	r.TSR.ReprojectionField	0	engine
AntiAliasingQuality	1	r.TSR.Resurrection	1	engine
AntiAliasingQuality	1	r.TSR.ShadingRejection.Flickering	0	engine
AntiAliasingQuality	1	r.TemporalAA.Quality	1	engine
AntiAliasingQuality	2	r.FXAA.Quality	3	engine
AntiAliasingQuality	2	r.TSR.History.R11G11B10	1	engine
AntiAliasingQuality	2	r.TSR.History.ScreenPercentage	100	game
AntiAliasingQuality	2	r.TSR.History.UpdateQuality	2	engine
AntiAliasingQuality	2	r.TSR.RejectionAntiAliasingQuality	1	engine
AntiAliasingQuality	2	r.TSR.ReprojectionField	1	engine
AntiAliasingQuality	2	r.TSR.Resurrection	1	engine
AntiAliasingQuality	2	r.TSR.ShadingRejection.Flickering	1	engine
AntiAliasingQuality	2	r.TemporalAA.Quality	1	engine
AntiAliasingQuality	3	r.FXAA.Quality	4	engine
AntiAliasingQuality	3	r.TSR.History.R11G11B10	1	engine
AntiAliasingQuality	3	r.TSR.History.ScreenPercentage	100	game
AntiAliasingQuality	3	r.TSR.History.UpdateQuality	3	engine
AntiAliasingQuality	3	r.TSR.RejectionAntiAliasingQuality	2	engine
AntiAliasingQuality	3	r.TSR.ReprojectionField	1	engine
AntiAliasingQuality	3	r.TSR.Resurrection	1	engine
AntiAliasingQuality	3	r.TSR.ShadingRejection.Flickering	1	engine
AntiAliasingQuality	3	r.TemporalAA.Quality	2	engine
AntiAliasingQuality	Cine	r.FXAA.Quality	5	engine
AntiAliasingQuality	Cine	r.TSR.History.R11G11B10	0	engine
AntiAliasingQuality	Cine	r.TSR.History.ScreenPercentage	200	engine
AntiAliasingQuality	Cine	r.TSR.History.UpdateQuality	3	engine
AntiAliasingQuality	Cine	r.TSR.RejectionAntiAliasingQuality	2	engine
AntiAliasingQuality	Cine	r.TSR.ReprojectionField	1	engine
AntiAliasingQuality	Cine	r.TSR.Resurrection	1	engine
AntiAliasingQuality	Cine	r.TSR.ShadingRejection.Flickering	1	engine
AntiAliasingQuality	Cine	r.TemporalAA.Quality	2	engine
CloudQuality	0	r.VolumetricCloud	1	game
CloudQuality	0	r.VolumetricCloud.DistanceToSampleMaxCount	60	game
CloudQuality	0	r.VolumetricCloud.ReflectionRaySampleMaxCount	20	game
CloudQuality	0	r.VolumetricCloud.ShadowMap	0	game
CloudQuality	0	r.VolumetricCloud.SkyAO	0	game
CloudQuality	0	r.VolumetricCloud.ViewRaySampleMaxCount	60	game
CloudQuality	1	r.VolumetricCloud	1	game
CloudQuality	1	r.VolumetricCloud.DistanceToSampleMaxCount	50	game
CloudQuality	1	r.VolumetricCloud.ReflectionRaySampleMaxCount	30	game
CloudQuality	1	r.VolumetricCloud.ShadowMap	0	game
CloudQuality	1	r.VolumetricCloud.SkyAO	0	game
CloudQuality	1	r.VolumetricCloud.ViewRaySampleMaxCount	80	game
CloudQuality	2	r.VolumetricCloud	1	game
CloudQuality	2	r.VolumetricCloud.DistanceToSampleMaxCount	50	game
CloudQuality	2	r.VolumetricCloud.ReflectionRaySampleMaxCount	60	game
CloudQuality	2	r.VolumetricCloud.ShadowMap	1	game
CloudQuality	2	r.VolumetricCloud.ShadowMap.MaxResolution	512	game
CloudQuality	2	r.VolumetricCloud.ShadowMap.RaySampleMaxCount	64	game
CloudQuality	2	r.VolumetricCloud.SkyAO	1	game
CloudQuality	2	r.VolumetricCloud.SkyAO.Filtering	0	game
CloudQuality	2	r.VolumetricCloud.ViewRaySampleMaxCount	80	game
CloudQuality	3	r.VolumetricCloud	1	game
CloudQuality	3	r.VolumetricCloud.DistanceToSampleMaxCount	30	game
CloudQuality	3	r.VolumetricCloud.ReflectionRaySampleMaxCount	80	game
CloudQuality	3	r.VolumetricCloud.ShadowMap	1	game
CloudQuality	3	r.VolumetricCloud.ShadowMap.MaxResolution	512	game
CloudQuality	3	r.VolumetricCloud.ShadowMap.RaySampleMaxCount	64	game
CloudQuality	3	r.VolumetricCloud.SkyAO	1	game
CloudQuality	3	r.VolumetricCloud.SkyAO.Filtering	1	game
CloudQuality	3	r.VolumetricCloud.ViewRaySampleMaxCount	80	game
CloudQuality	Cine	r.VolumetricCloud	1	game
CloudQuality	Cine	r.VolumetricCloud.DistanceToSampleMaxCount	15	game
CloudQuality	Cine	r.VolumetricCloud.ReflectionRaySampleMaxCount	80	game
CloudQuality	Cine	r.VolumetricCloud.ShadowMap	1	game
CloudQuality	Cine	r.VolumetricCloud.ShadowMap.MaxResolution	2048	game
CloudQuality	Cine	r.VolumetricCloud.ShadowMap.RaySampleMaxCount	128	game
CloudQuality	Cine	r.VolumetricCloud.SkyAO	1	game
CloudQuality	Cine	r.VolumetricCloud.SkyAO.Filtering	1	game
CloudQuality	Cine	r.VolumetricCloud.ViewRaySampleMaxCount	768	game
EffectsQuality	0	fx.Niagara.QualityLevel	0	engine
EffectsQuality	0	r.DetailMode	0	engine
EffectsQuality	0	r.EmitterSpawnRateScale	0.125	engine
EffectsQuality	0	r.HeterogeneousVolumes	0	engine
EffectsQuality	0	r.MaterialQualityLevel	0 ; Low quality	engine
EffectsQuality	0	r.ParticleLightQuality	0	engine
EffectsQuality	0	r.RefractionQuality	0	game
EffectsQuality	0	r.SSGI.Quality	0	engine
EffectsQuality	0	r.SSR.Quality	0	game
EffectsQuality	0	r.SSS.HalfRes	1	engine
EffectsQuality	0	r.SSS.Quality	0	engine
EffectsQuality	0	r.SSS.SampleSet	0	engine
EffectsQuality	0	r.SSS.Scale	0	engine
EffectsQuality	0	r.SceneColorFormat	3	engine
EffectsQuality	0	r.SkyAtmosphere.AerialPerspectiveLUT.DepthResolution	8.0	engine
EffectsQuality	0	r.SkyAtmosphere.AerialPerspectiveLUT.FastApplyOnOpaque	1 ; Always have FastSkyLUT 1 in this case to avoid wrong sky	engine
EffectsQuality	0	r.SkyAtmosphere.AerialPerspectiveLUT.SampleCountMaxPerSlice	1	engine
EffectsQuality	0	r.SkyAtmosphere.FastSkyLUT	1	engine
EffectsQuality	0	r.SkyAtmosphere.FastSkyLUT.SampleCountMax	16.0	engine
EffectsQuality	0	r.SkyAtmosphere.FastSkyLUT.SampleCountMin	2.0	engine
EffectsQuality	0	r.SkyAtmosphere.MultiScatteringLUT.SampleCount	15.0	engine
EffectsQuality	0	r.SkyAtmosphere.SampleCountMax	16.0	engine
EffectsQuality	0	r.SkyAtmosphere.SampleCountMin	2.0	engine
EffectsQuality	0	r.SkyAtmosphere.TransmittanceLUT.SampleCount	10.0	engine
EffectsQuality	0	r.SkyAtmosphere.TransmittanceLUT.UseSmallFormat	1	engine
EffectsQuality	0	r.SkyLight.RealTimeReflectionCapture	1	game
EffectsQuality	0	r.TranslucencyLightingVolumeDim	24	engine
EffectsQuality	0	r.TranslucencyVolumeBlur	0	engine
EffectsQuality	1	fx.Niagara.QualityLevel	1	engine
EffectsQuality	1	r.DetailMode	1	engine
EffectsQuality	1	r.EmitterSpawnRateScale	0.25	engine
EffectsQuality	1	r.HeterogeneousVolumes	0	engine
EffectsQuality	1	r.MaterialQualityLevel	2 ; Medium quality	engine
EffectsQuality	1	r.ParticleLightQuality	0	engine
EffectsQuality	1	r.RefractionQuality	1	game
EffectsQuality	1	r.SSGI.Quality	1	engine
EffectsQuality	1	r.SSR.HalfResSceneColor	1	game
EffectsQuality	1	r.SSR.Quality	1	game
EffectsQuality	1	r.SSS.HalfRes	1	engine
EffectsQuality	1	r.SSS.Quality	0	engine
EffectsQuality	1	r.SSS.SampleSet	0	engine
EffectsQuality	1	r.SSS.Scale	0.75	engine
EffectsQuality	1	r.SceneColorFormat	3	engine
EffectsQuality	1	r.SkyAtmosphere.AerialPerspectiveLUT.DepthResolution	16.0	engine
EffectsQuality	1	r.SkyAtmosphere.AerialPerspectiveLUT.FastApplyOnOpaque	1 ; Always have FastSkyLUT 1 in this case to avoid wrong sky	engine
EffectsQuality	1	r.SkyAtmosphere.AerialPerspectiveLUT.SampleCountMaxPerSlice	1	engine
EffectsQuality	1	r.SkyAtmosphere.FastSkyLUT	1	engine
EffectsQuality	1	r.SkyAtmosphere.FastSkyLUT.SampleCountMax	32.0	engine
EffectsQuality	1	r.SkyAtmosphere.FastSkyLUT.SampleCountMin	4.0	engine
EffectsQuality	1	r.SkyAtmosphere.MultiScatteringLUT.SampleCount	15.0	engine
EffectsQuality	1	r.SkyAtmosphere.SampleCountMax	32.0	engine
EffectsQuality	1	r.SkyAtmosphere.SampleCountMin	4.0	engine
EffectsQuality	1	r.SkyAtmosphere.TransmittanceLUT.SampleCount	10.0	engine
EffectsQuality	1	r.SkyAtmosphere.TransmittanceLUT.UseSmallFormat	0	engine
EffectsQuality	1	r.SkyLight.RealTimeReflectionCapture	1	game
EffectsQuality	1	r.TranslucencyLightingVolumeDim	32	engine
EffectsQuality	1	r.TranslucencyVolumeBlur	0	engine
EffectsQuality	2	fx.Niagara.QualityLevel	2	engine
EffectsQuality	2	r.DetailMode	1	engine
EffectsQuality	2	r.EmitterSpawnRateScale	0.5	engine
EffectsQuality	2	r.HeterogeneousVolumes.DownsampleFactor	2	engine
EffectsQuality	2	r.HeterogeneousVolumes.MaxStepCount	96	engine
EffectsQuality	2	r.HeterogeneousVolumes.Shadows.Resolution	256	engine
EffectsQuality	2	r.MaterialQualityLevel	1 ; High quality	engine
EffectsQuality	2	r.ParticleLightQuality	1	engine
EffectsQuality	2	r.RefractionQuality	2	game
EffectsQuality	2	r.SSGI.Quality	2	engine
EffectsQuality	2	r.SSR.HalfResSceneColor	1	game
EffectsQuality	2	r.SSR.Quality	2	game
EffectsQuality	2	r.SSS.HalfRes	1	engine
EffectsQuality	2	r.SSS.Quality	-1	engine
EffectsQuality	2	r.SSS.SampleSet	1	engine
EffectsQuality	2	r.SSS.Scale	1	engine
EffectsQuality	2	r.SceneColorFormat	3	engine
EffectsQuality	2	r.SkyAtmosphere.AerialPerspectiveLUT.DepthResolution	16.0	engine
EffectsQuality	2	r.SkyAtmosphere.AerialPerspectiveLUT.FastApplyOnOpaque	1 ; Always have FastSkyLUT 1 in this case to avoid wrong sky	engine
EffectsQuality	2	r.SkyAtmosphere.AerialPerspectiveLUT.SampleCountMaxPerSlice	1	game
EffectsQuality	2	r.SkyAtmosphere.FastSkyLUT	1	engine
EffectsQuality	2	r.SkyAtmosphere.FastSkyLUT.SampleCountMax	32.0	game
EffectsQuality	2	r.SkyAtmosphere.FastSkyLUT.SampleCountMin	4.0	engine
EffectsQuality	2	r.SkyAtmosphere.MultiScatteringLUT.SampleCount	15.0	engine
EffectsQuality	2	r.SkyAtmosphere.SampleCountMax	32.0	game
EffectsQuality	2	r.SkyAtmosphere.SampleCountMin	4.0	engine
EffectsQuality	2	r.SkyAtmosphere.TransmittanceLUT.SampleCount	10.0	engine
EffectsQuality	2	r.SkyAtmosphere.TransmittanceLUT.UseSmallFormat	0	engine
EffectsQuality	2	r.SkyLight.RealTimeReflectionCapture	1	game
EffectsQuality	2	r.TranslucencyLightingVolumeDim	48	engine
EffectsQuality	2	r.TranslucencyVolumeBlur	1	engine
EffectsQuality	3	fx.Niagara.QualityLevel	3	engine
EffectsQuality	3	r.DetailMode	3	engine
EffectsQuality	3	r.EmitterSpawnRateScale	1.0	engine
EffectsQuality	3	r.HeterogeneousVolumes.DownsampleFactor	2	engine
EffectsQuality	3	r.HeterogeneousVolumes.MaxStepCount	256	engine
EffectsQuality	3	r.HeterogeneousVolumes.Shadows.MaxSampleCount	8	engine
EffectsQuality	3	r.HeterogeneousVolumes.Shadows.Resolution	256	engine
EffectsQuality	3	r.HeterogeneousVolumes.UseExistenceMask	0	engine
EffectsQuality	3	r.MaterialQualityLevel	1 ; High quality	engine
EffectsQuality	3	r.ParticleLightQuality	2	engine
EffectsQuality	3	r.Refraction.OffsetQuality	1	engine
EffectsQuality	3	r.RefractionQuality	2	game
EffectsQuality	3	r.SSGI.Quality	3	engine
EffectsQuality	3	r.SSR.HalfResSceneColor	1	game
EffectsQuality	3	r.SSR.Quality	3	game
EffectsQuality	3	r.SSS.HalfRes	0	engine
EffectsQuality	3	r.SSS.Quality	1	engine
EffectsQuality	3	r.SSS.SampleSet	2	engine
EffectsQuality	3	r.SSS.Scale	1	engine
EffectsQuality	3	r.SceneColorFormat	4	engine
EffectsQuality	3	r.SkyAtmosphere.AerialPerspectiveLUT.DepthResolution	16.0	engine
EffectsQuality	3	r.SkyAtmosphere.AerialPerspectiveLUT.FastApplyOnOpaque	1 ; Always have FastSkyLUT 1 in this case to avoid wrong sky	engine
EffectsQuality	3	r.SkyAtmosphere.AerialPerspectiveLUT.SampleCountMaxPerSlice	1	game
EffectsQuality	3	r.SkyAtmosphere.FastSkyLUT	1	engine
EffectsQuality	3	r.SkyAtmosphere.FastSkyLUT.SampleCountMax	32.0	game
EffectsQuality	3	r.SkyAtmosphere.FastSkyLUT.SampleCountMin	4.0	engine
EffectsQuality	3	r.SkyAtmosphere.MultiScatteringLUT.SampleCount	15.0	engine
EffectsQuality	3	r.SkyAtmosphere.SampleCountMax	32.0	game
EffectsQuality	3	r.SkyAtmosphere.SampleCountMin	4.0	engine
EffectsQuality	3	r.SkyAtmosphere.TransmittanceLUT.SampleCount	10.0	engine
EffectsQuality	3	r.SkyAtmosphere.TransmittanceLUT.UseSmallFormat	0	engine
EffectsQuality	3	r.SkyLight.RealTimeReflectionCapture	1	game
EffectsQuality	3	r.TranslucencyLightingVolumeDim	64	engine
EffectsQuality	3	r.TranslucencyVolumeBlur	1	engine
EffectsQuality	Cine	fx.Niagara.QualityLevel	4	engine
EffectsQuality	Cine	r.DetailMode	3	engine
EffectsQuality	Cine	r.EmitterSpawnRateScale	1.0	engine
EffectsQuality	Cine	r.HeterogeneousVolumes.ApplyFogInscattering	1	engine
EffectsQuality	Cine	r.HeterogeneousVolumes.DownsampleFactor	1	engine
EffectsQuality	Cine	r.HeterogeneousVolumes.MaxStepCount	1024	engine
EffectsQuality	Cine	r.HeterogeneousVolumes.Shadows.MaxSampleCount	16	engine
EffectsQuality	Cine	r.HeterogeneousVolumes.Shadows.Resolution	1024	engine
EffectsQuality	Cine	r.HeterogeneousVolumes.UseExistenceMask	1	engine
EffectsQuality	Cine	r.MaterialQualityLevel	1 ; High quality	engine
EffectsQuality	Cine	r.ParticleLightQuality	2	engine
EffectsQuality	Cine	r.Refraction.OffsetQuality	1	engine
EffectsQuality	Cine	r.RefractionQuality	2	engine
EffectsQuality	Cine	r.SSGI.Quality	4	engine
EffectsQuality	Cine	r.SSS.HalfRes	0	engine
EffectsQuality	Cine	r.SSS.Quality	1	engine
EffectsQuality	Cine	r.SSS.SampleSet	2	engine
EffectsQuality	Cine	r.SSS.Scale	1	engine
EffectsQuality	Cine	r.SceneColorFormat	4	engine
EffectsQuality	Cine	r.SkyAtmosphere.AerialPerspectiveLUT.DepthResolution	32.0	engine
EffectsQuality	Cine	r.SkyAtmosphere.AerialPerspectiveLUT.FastApplyOnOpaque	0	engine
EffectsQuality	Cine	r.SkyAtmosphere.AerialPerspectiveLUT.SampleCountMaxPerSlice	8	engine
EffectsQuality	Cine	r.SkyAtmosphere.FastSkyLUT	0	engine
EffectsQuality	Cine	r.SkyAtmosphere.FastSkyLUT.SampleCountMax	256.0	engine
EffectsQuality	Cine	r.SkyAtmosphere.FastSkyLUT.SampleCountMin	4.0	engine
EffectsQuality	Cine	r.SkyAtmosphere.MultiScatteringLUT.SampleCount	20.0	engine
EffectsQuality	Cine	r.SkyAtmosphere.SampleCountMax	256.0	engine
EffectsQuality	Cine	r.SkyAtmosphere.SampleCountMin	8.0	engine
EffectsQuality	Cine	r.SkyAtmosphere.TransmittanceLUT.SampleCount	30.0	engine
EffectsQuality	Cine	r.SkyAtmosphere.TransmittanceLUT.UseSmallFormat	0	engine
EffectsQuality	Cine	r.TranslucencyLightingVolumeDim	64	engine
EffectsQuality	Cine	r.TranslucencyVolumeBlur	1	engine
FoliageQuality	0	foliage.DensityScale	0.15	game
FoliageQuality	0	grass.DensityScale	0.2	game
FoliageQuality	1	foliage.DensityScale	0.45	game
FoliageQuality	1	grass.DensityScale	0.55	game
FoliageQuality	2	foliage.DensityScale	0.7	game
FoliageQuality	2	grass.DensityScale	0.75	game
FoliageQuality	3	foliage.DensityScale	1.0	game
FoliageQuality	3	grass.DensityScale	1.0	game
FoliageQuality	Cine	foliage.DensityScale	1.0	engine
FoliageQuality	Cine	grass.DensityScale	1.0	engine
GlobalIlluminationQuality	0	r.AOQuality	0	engine
GlobalIlluminationQuality	0	r.DistanceFieldAO	0	engine
GlobalIlluminationQuality	0	r.Lumen.DiffuseIndirect.Allow	0	engine
GlobalIlluminationQuality	0	r.RayTracing.Scene.BuildMode	0	engine
GlobalIlluminationQuality	0	r.SkylightIntensityMultiplier	0.8	engine
GlobalIlluminationQuality	1	r.AOQuality	1	engine
GlobalIlluminationQuality	1	r.DistanceFieldAO	1	engine
GlobalIlluminationQuality	1	r.Lumen.DiffuseIndirect.Allow	0	engine
GlobalIlluminationQuality	1	r.RayTracing.Scene.BuildMode	0	engine
GlobalIlluminationQuality	1	r.SkylightIntensityMultiplier	1.0	engine
GlobalIlluminationQuality	2	r.AOQuality	1	engine
GlobalIlluminationQuality	2	r.DistanceFieldAO	1	engine
GlobalIlluminationQuality	2	r.Lumen.DiffuseIndirect.Allow	1	engine
GlobalIlluminationQuality	2	r.Lumen.ScreenProbeGather.DownsampleFactor	32	engine
GlobalIlluminationQuality	2	r.Lumen.ScreenProbeGather.FullResolutionJitterWidth	1	engine
GlobalIlluminationQuality	2	r.Lumen.ScreenProbeGather.IrradianceFormat	1	engine
GlobalIlluminationQuality	2	r.Lumen.ScreenProbeGather.NumAdaptiveProbes	16	engine
GlobalIlluminationQuality	2	r.Lumen.ScreenProbeGather.RadianceCache.NumProbesToTraceBudget	100	engine
GlobalIlluminationQuality	2	r.Lumen.ScreenProbeGather.RadianceCache.ProbeResolution	16	engine
GlobalIlluminationQuality	2	r.Lumen.ScreenProbeGather.ScreenTraces.HZBTraversal.FullResDepth	1	engine
GlobalIlluminationQuality	2	r.Lumen.ScreenProbeGather.ShortRangeAO.BentNormal	0	engine
GlobalIlluminationQuality	2	r.Lumen.ScreenProbeGather.ShortRangeAO.HardwareRayTracing	0	engine
GlobalIlluminationQuality	2	r.Lumen.ScreenProbeGather.StochasticInterpolation	1	engine
GlobalIlluminationQuality	2	r.Lumen.ScreenProbeGather.TracingOctahedronResolution	8	engine
GlobalIlluminationQuality	2	r.Lumen.ScreenProbeGather.TwoSidedFoliageBackfaceDiffuse	0	engine
GlobalIlluminationQuality	2	r.Lumen.TraceMeshSDFs.Allow	0	engine
GlobalIlluminationQuality	2	r.Lumen.TranslucencyVolume.GridPixelSize	64	engine
GlobalIlluminationQuality	2	r.Lumen.TranslucencyVolume.RadianceCache.NumProbesToTraceBudget	70	engine
GlobalIlluminationQuality	2	r.Lumen.TranslucencyVolume.RadianceCache.ProbeResolution	8	engine
GlobalIlluminationQuality	2	r.Lumen.TranslucencyVolume.TraceFromVolume	0	engine
GlobalIlluminationQuality	2	r.LumenScene.DirectLighting.MaxLightsPerTile	4	engine
GlobalIlluminationQuality	2	r.LumenScene.DirectLighting.UpdateFactor	64	engine
GlobalIlluminationQuality	2	r.LumenScene.Radiosity.HemisphereProbeResolution	3	engine
GlobalIlluminationQuality	2	r.LumenScene.Radiosity.ProbeSpacing	8	engine
GlobalIlluminationQuality	2	r.LumenScene.Radiosity.UpdateFactor	128	engine
GlobalIlluminationQuality	2	r.RayTracing.Scene.BuildMode	0	engine
GlobalIlluminationQuality	2	r.SkylightIntensityMultiplier	1.0	engine
GlobalIlluminationQuality	3	r.AOQuality	2	engine
GlobalIlluminationQuality	3	r.DistanceFieldAO	1	engine
GlobalIlluminationQuality	3	r.Lumen.DiffuseIndirect.Allow	1	engine
GlobalIlluminationQuality	3	r.Lumen.ScreenProbeGather.DownsampleFactor	16	engine
GlobalIlluminationQuality	3	r.Lumen.ScreenProbeGather.FullResolutionJitterWidth	1	engine
GlobalIlluminationQuality	3	r.Lumen.ScreenProbeGather.IrradianceFormat	0	engine
GlobalIlluminationQuality	3	r.Lumen.ScreenProbeGather.NumAdaptiveProbes	8	engine
GlobalIlluminationQuality	3	r.Lumen.ScreenProbeGather.RadianceCache.NumProbesToTraceBudget	100	engine
GlobalIlluminationQuality	3	r.Lumen.ScreenProbeGather.RadianceCache.ProbeResolution	32	engine
GlobalIlluminationQuality	3	r.Lumen.ScreenProbeGather.ScreenTraces.HZBTraversal.FullResDepth	1	engine
GlobalIlluminationQuality	3	r.Lumen.ScreenProbeGather.ShortRangeAO.BentNormal	1	engine
GlobalIlluminationQuality	3	r.Lumen.ScreenProbeGather.ShortRangeAO.HardwareRayTracing	0	engine
GlobalIlluminationQuality	3	r.Lumen.ScreenProbeGather.StochasticInterpolation	0	engine
GlobalIlluminationQuality	3	r.Lumen.ScreenProbeGather.TracingOctahedronResolution	8	engine
GlobalIlluminationQuality	3	r.Lumen.ScreenProbeGather.TwoSidedFoliageBackfaceDiffuse	1	engine
GlobalIlluminationQuality	3	r.Lumen.TraceMeshSDFs.Allow	1	engine
GlobalIlluminationQuality	3	r.Lumen.TranslucencyVolume.GridPixelSize	32	engine
GlobalIlluminationQuality	3	r.Lumen.TranslucencyVolume.RadianceCache.NumProbesToTraceBudget	70	engine
GlobalIlluminationQuality	3	r.Lumen.TranslucencyVolume.RadianceCache.ProbeResolution	8	engine
GlobalIlluminationQuality	3	r.Lumen.TranslucencyVolume.TraceFromVolume	1	engine
GlobalIlluminationQuality	3	r.Lumen.TranslucencyVolume.TracingOctahedronResolution	3	engine
GlobalIlluminationQuality	3	r.LumenScene.DirectLighting.MaxLightsPerTile	8	engine
GlobalIlluminationQuality	3	r.LumenScene.DirectLighting.UpdateFactor	32	engine
GlobalIlluminationQuality	3	r.LumenScene.Radiosity.HemisphereProbeResolution	4	engine
GlobalIlluminationQuality	3	r.LumenScene.Radiosity.ProbeSpacing	4	engine
GlobalIlluminationQuality	3	r.LumenScene.Radiosity.UpdateFactor	64	engine
GlobalIlluminationQuality	3	r.RayTracing.Scene.BuildMode	1	engine
GlobalIlluminationQuality	3	r.SkylightIntensityMultiplier	1.0	engine
GlobalIlluminationQuality	Cine	r.AOQuality	2	engine
GlobalIlluminationQuality	Cine	r.DistanceFieldAO	1	engine
GlobalIlluminationQuality	Cine	r.Lumen.DiffuseIndirect.Allow	1	engine
GlobalIlluminationQuality	Cine	r.Lumen.ScreenProbeGather.DownsampleFactor	8	engine
GlobalIlluminationQuality	Cine	r.Lumen.ScreenProbeGather.FullResolutionJitterWidth	.5	engine
GlobalIlluminationQuality	Cine	r.Lumen.ScreenProbeGather.IrradianceFormat	0	engine
GlobalIlluminationQuality	Cine	r.Lumen.ScreenProbeGather.NumAdaptiveProbes	4	engine
GlobalIlluminationQuality	Cine	r.Lumen.ScreenProbeGather.RadianceCache.NumProbesToTraceBudget	350	engine
GlobalIlluminationQuality	Cine	r.Lumen.ScreenProbeGather.RadianceCache.ProbeResolution	32	engine
GlobalIlluminationQuality	Cine	r.Lumen.ScreenProbeGather.ScreenTraces.HZBTraversal.FullResDepth	1	engine
GlobalIlluminationQuality	Cine	r.Lumen.ScreenProbeGather.ShortRangeAO.BentNormal	1	engine
GlobalIlluminationQuality	Cine	r.Lumen.ScreenProbeGather.ShortRangeAO.HardwareRayTracing	0	engine
GlobalIlluminationQuality	Cine	r.Lumen.ScreenProbeGather.StochasticInterpolation	0	engine
GlobalIlluminationQuality	Cine	r.Lumen.ScreenProbeGather.TracingOctahedronResolution	16	engine
GlobalIlluminationQuality	Cine	r.Lumen.ScreenProbeGather.TwoSidedFoliageBackfaceDiffuse	1	engine
GlobalIlluminationQuality	Cine	r.Lumen.TraceMeshSDFs.Allow	1	engine
GlobalIlluminationQuality	Cine	r.Lumen.TranslucencyVolume.GridPixelSize	32	engine
GlobalIlluminationQuality	Cine	r.Lumen.TranslucencyVolume.RadianceCache.NumProbesToTraceBudget	350	engine
GlobalIlluminationQuality	Cine	r.Lumen.TranslucencyVolume.RadianceCache.ProbeResolution	16	engine
GlobalIlluminationQuality	Cine	r.Lumen.TranslucencyVolume.TraceFromVolume	1	engine
GlobalIlluminationQuality	Cine	r.Lumen.TranslucencyVolume.TracingOctahedronResolution	4	engine
GlobalIlluminationQuality	Cine	r.LumenScene.DirectLighting.MaxLightsPerTile	8	engine
GlobalIlluminationQuality	Cine	r.LumenScene.DirectLighting.UpdateFactor	32	engine
GlobalIlluminationQuality	Cine	r.LumenScene.Radiosity.HemisphereProbeResolution	4	engine
GlobalIlluminationQuality	Cine	r.LumenScene.Radiosity.ProbeSpacing	4	engine
GlobalIlluminationQuality	Cine	r.LumenScene.Radiosity.UpdateFactor	64	engine
GlobalIlluminationQuality	Cine	r.RayTracing.Scene.BuildMode	1	engine
GlobalIlluminationQuality	Cine	r.SkylightIntensityMultiplier	1.0	engine
NetworkQuality	0	ConfiguredInternetSpeed	60000	game
NetworkQuality	0	ConfiguredLanSpeed	70000	game
NetworkQuality	0	MaxClientRate	60000	game
NetworkQuality	0	MaxDynamicBandwidth	60000	game
NetworkQuality	0	MaxInternetClientRate	60000	game
NetworkQuality	0	MinDynamicBandwidth	50000	game
NetworkQuality	0	TotalNetBandwidth	240000	game
NetworkQuality	1	ConfiguredInternetSpeed	120000	game
NetworkQuality	1	ConfiguredLanSpeed	130000	game
NetworkQuality	1	MaxClientRate	120000	game
NetworkQuality	1	MaxDynamicBandwidth	120000	game
NetworkQuality	1	MaxInternetClientRate	120000	game
NetworkQuality	1	MinDynamicBandwidth	100000	game
NetworkQuality	1	TotalNetBandwidth	500000	game
NetworkQuality	2	ConfiguredInternetSpeed	200000	game
NetworkQuality	2	ConfiguredLanSpeed	220000	game
NetworkQuality	2	MaxClientRate	200000	game
NetworkQuality	2	MaxDynamicBandwidth	220000	game
NetworkQuality	2	MaxInternetClientRate	200000	game
NetworkQuality	2	MinDynamicBandwidth	200000	game
NetworkQuality	2	TotalNetBandwidth	800000	game
NetworkQuality	3	ConfiguredInternetSpeed	300000	game
NetworkQuality	3	ConfiguredLanSpeed	340000	game
NetworkQuality	3	MaxClientRate	300000	game
NetworkQuality	3	MaxDynamicBandwidth	320000	game
NetworkQuality	3	MaxInternetClientRate	300000	game
NetworkQuality	3	MinDynamicBandwidth	300000	game
NetworkQuality	3	TotalNetBandwidth	1200000	game
PoolLightQuality	0	pool.light.count	15	game
PoolLightQuality	0	pool.light.lightshaft.count	50	game
PoolLightQuality	0	pool.light.lightshaft.relevancy	4	game
PoolLightQuality	0	pool.light.relevancyMultiplier	4	game
PoolLightQuality	0	pool.light.shadowquality	0	game
PoolLightQuality	1	pool.light.count	20	game
PoolLightQuality	1	pool.light.lightshaft.count	50	game
PoolLightQuality	1	pool.light.lightshaft.relevancy	10	game
PoolLightQuality	1	pool.light.relevancyMultiplier	5	game
PoolLightQuality	1	pool.light.shadowquality	1	game
PoolLightQuality	2	pool.light.count	30	game
PoolLightQuality	2	pool.light.lightshaft.count	100	game
PoolLightQuality	2	pool.light.lightshaft.relevancy	20	game
PoolLightQuality	2	pool.light.relevancyMultiplier	10	game
PoolLightQuality	2	pool.light.shadowquality	2	game
PoolLightQuality	3	pool.light.count	50	game
PoolLightQuality	3	pool.light.lightshaft.count	100	game
PoolLightQuality	3	pool.light.lightshaft.relevancy	40	game
PoolLightQuality	3	pool.light.relevancyMultiplier	20	game
PoolLightQuality	3	pool.light.shadowquality	2	game
PoolLightQuality	Cine	pool.light.count	100	game
PoolLightQuality	Cine	pool.light.lightshaft.count	200	game
PoolLightQuality	Cine	pool.light.lightshaft.relevancy	75	game
PoolLightQuality	Cine	pool.light.relevancyMultiplier	50	game
PoolLightQuality	Cine	pool.light.shadowquality	2	game
PostProcessQuality	0	r.AmbientOcclusionLevels	0	engine
PostProcessQuality	0	r.AmbientOcclusionMaxQuality	0	engine
PostProcessQuality	0	r.AmbientOcclusionMipLevelFactor	1.0	engine
PostProcessQuality	0	r.AmbientOcclusionRadiusScale	1.2	engine
PostProcessQuality	0	r.Bloom.ScreenPercentage	25.000	engine
PostProcessQuality	0	r.BloomQuality	4	engine
PostProcessQuality	0	r.DepthOfFieldQuality	0	engine
PostProcessQuality	0	r.EyeAdaptationQuality	2	game
PostProcessQuality	0	r.FastBlurThreshold	0	engine
PostProcessQuality	0	r.Filter.SizeScale	0.6	engine
PostProcessQuality	0	r.LensFlareQuality	0	engine
PostProcessQuality	0	r.LightShaftQuality	0	engine
PostProcessQuality	0	r.MotionBlur.HalfResGather	1	engine
PostProcessQuality	0	r.MotionBlurQuality	0	engine
PostProcessQuality	0	r.RenderTargetPoolMin	300	engine
PostProcessQuality	0	r.SceneColorFringeQuality	1	game
PostProcessQuality	0	r.Tonemapper.Quality	0	engine
PostProcessQuality	0	r.Tonemapper.Sharpen	0.5	game
PostProcessQuality	0	r.Upscale.Quality	1	engine
PostProcessQuality	1	r.AmbientOcclusionLevels	-1	engine
PostProcessQuality	1	r.AmbientOcclusionMaxQuality	60	engine
PostProcessQuality	1	r.AmbientOcclusionMipLevelFactor	1.0	engine
PostProcessQuality	1	r.AmbientOcclusionRadiusScale	1.5	engine
PostProcessQuality	1	r.Bloom.ScreenPercentage	35.355	engine
PostProcessQuality	1	r.BloomQuality	4	engine
PostProcessQuality	1	r.DOF.Gather.AccumulatorQuality	0        ; lower gathering accumulator quality	engine
PostProcessQuality	1	r.DOF.Gather.EnableBokehSettings	0       ; no bokeh simulation when gathering	engine
PostProcessQuality	1	r.DOF.Gather.PostfilterMethod	2          ; Max3x3 postfilering method	engine
PostProcessQuality	1	r.DOF.Gather.ResolutionDivisor	2         ; lower gathering resolution	engine
PostProcessQuality	1	r.DOF.Gather.RingCount	3                 ; low number of samples when gathering	engine
PostProcessQuality	1	r.DOF.Kernel.MaxBackgroundRadius	0.006   ; required because low gathering and no scattering and not looking great at 1080p	engine
PostProcessQuality	1	r.DOF.Kernel.MaxForegroundRadius	0.006   ; required because low gathering and no scattering and not looking great at 1080p	engine
PostProcessQuality	1	r.DOF.Recombine.Quality	0                ; no slight out of focus	engine
PostProcessQuality	1	r.DOF.Scatter.BackgroundCompositing	0    ; no foreground scattering	engine
PostProcessQuality	1	r.DOF.Scatter.ForegroundCompositing	0    ; no foreground scattering	engine
PostProcessQuality	1	r.DOF.TemporalAAQuality	0                ; faster temporal accumulation	engine
PostProcessQuality	1	r.DepthOfFieldQuality	1	engine
PostProcessQuality	1	r.EyeAdaptationQuality	2	game
PostProcessQuality	1	r.FastBlurThreshold	2	engine
PostProcessQuality	1	r.Filter.SizeScale	0.7	engine
PostProcessQuality	1	r.LensFlareQuality	0	engine
PostProcessQuality	1	r.LightShaftQuality	0	engine
PostProcessQuality	1	r.MotionBlur.HalfResGather	1	engine
PostProcessQuality	1	r.MotionBlurQuality	3	engine
PostProcessQuality	1	r.RenderTargetPoolMin	350	engine
PostProcessQuality	1	r.SceneColorFringeQuality	1	game
PostProcessQuality	1	r.Tonemapper.Quality	2	engine
PostProcessQuality	1	r.Tonemapper.Sharpen	0.5	game
PostProcessQuality	1	r.Upscale.Quality	2	engine
PostProcessQuality	2	r.AmbientOcclusionLevels	-1	engine
PostProcessQuality	2	r.AmbientOcclusionMaxQuality	100	engine
PostProcessQuality	2	r.AmbientOcclusionMipLevelFactor	0.6	engine
PostProcessQuality	2	r.AmbientOcclusionRadiusScale	1.5	engine
PostProcessQuality	2	r.Bloom.ScreenPercentage	50.000	engine
PostProcessQuality	2	r.BloomQuality	5	engine
PostProcessQuality	2	r.DOF.Gather.AccumulatorQuality	0        ; lower gathering accumulator quality	engine
PostProcessQuality	2	r.DOF.Gather.EnableBokehSettings	0       ; no bokeh simulation when gathering	engine
PostProcessQuality	2	r.DOF.Gather.PostfilterMethod	2          ; Max3x3 postfilering method	engine
PostProcessQuality	2	r.DOF.Gather.ResolutionDivisor	2         ; lower gathering resolution	engine
PostProcessQuality	2	r.DOF.Gather.RingCount	4                 ; medium number of samples when gathering	engine
PostProcessQuality	2	r.DOF.Kernel.MaxBackgroundRadius	0.012   ; required because of AccumulatorQuality=0	engine
PostProcessQuality	2	r.DOF.Kernel.MaxForegroundRadius	0.012   ; required because of AccumulatorQuality=0	engine
PostProcessQuality	2	r.DOF.Recombine.Quality	0                ; no slight out of focus	engine
PostProcessQuality	2	r.DOF.Scatter.BackgroundCompositing	1    ; no background occlusion	engine
PostProcessQuality	2	r.DOF.Scatter.EnableBokehSettings	0      ; no bokeh simulation when scattering	engine
PostProcessQuality	2	r.DOF.Scatter.ForegroundCompositing	1    ; additive foreground scattering	engine
PostProcessQuality	2	r.DOF.Scatter.MaxSpriteRatio	0.04        ; only a maximum of 4% of scattered bokeh	engine
PostProcessQuality	2	r.DOF.TemporalAAQuality	0                ; faster temporal accumulation	engine
PostProcessQuality	2	r.DepthOfFieldQuality	2	engine
PostProcessQuality	2	r.EyeAdaptationQuality	2	engine
PostProcessQuality	2	r.FastBlurThreshold	3	engine
PostProcessQuality	2	r.Filter.SizeScale	0.8	engine
PostProcessQuality	2	r.LensFlareQuality	2	engine
PostProcessQuality	2	r.LightShaftQuality	1	engine
PostProcessQuality	2	r.MotionBlur.HalfResGather	0	engine
PostProcessQuality	2	r.MotionBlurQuality	3	engine
PostProcessQuality	2	r.RenderTargetPoolMin	400	engine
PostProcessQuality	2	r.SceneColorFringeQuality	1	game
PostProcessQuality	2	r.Tonemapper.Quality	5	engine
PostProcessQuality	2	r.Tonemapper.Sharpen	0.5	game
PostProcessQuality	2	r.Upscale.Quality	2	engine
PostProcessQuality	3	r.AmbientOcclusionLevels	-1	engine
PostProcessQuality	3	r.AmbientOcclusionMaxQuality	100	engine
PostProcessQuality	3	r.AmbientOcclusionMipLevelFactor	0.4	engine
PostProcessQuality	3	r.AmbientOcclusionRadiusScale	1.0	engine
PostProcessQuality	3	r.Bloom.ScreenPercentage	50.000	engine
PostProcessQuality	3	r.BloomQuality	5	engine
PostProcessQuality	3	r.DOF.Gather.AccumulatorQuality	1        ; higher gathering accumulator quality	engine
PostProcessQuality	3	r.DOF.Gather.EnableBokehSettings	0       ; no bokeh simulation when gathering	engine
PostProcessQuality	3	r.DOF.Gather.PostfilterMethod	1          ; Median3x3 postfilering method	engine
PostProcessQuality	3	r.DOF.Gather.ResolutionDivisor	2         ; lower gathering resolution	engine
PostProcessQuality	3	r.DOF.Gather.RingCount	4                 ; medium number of samples when gathering	engine
PostProcessQuality	3	r.DOF.Kernel.MaxBackgroundRadius	0.025	engine
PostProcessQuality	3	r.DOF.Kernel.MaxForegroundRadius	0.025	engine
PostProcessQuality	3	r.DOF.Recombine.EnableBokehSettings	0    ; no bokeh simulation on slight out of focus	engine
PostProcessQuality	3	r.DOF.Recombine.Quality	1                ; cheap slight out of focus	engine
PostProcessQuality	3	r.DOF.Scatter.BackgroundCompositing	2    ; additive background scattering	engine
PostProcessQuality	3	r.DOF.Scatter.EnableBokehSettings	1      ; bokeh simulation when scattering	engine
PostProcessQuality	3	r.DOF.Scatter.ForegroundCompositing	1    ; additive foreground scattering	engine
PostProcessQuality	3	r.DOF.Scatter.MaxSpriteRatio	0.1         ; only a maximum of 10% of scattered bokeh	engine
PostProcessQuality	3	r.DOF.TemporalAAQuality	1                ; more stable temporal accumulation	engine
PostProcessQuality	3	r.DepthOfFieldQuality	2	engine
PostProcessQuality	3	r.EyeAdaptationQuality	2	engine
PostProcessQuality	3	r.FastBlurThreshold	100	engine
PostProcessQuality	3	r.Filter.SizeScale	1	engine
PostProcessQuality	3	r.LensFlareQuality	2	engine
PostProcessQuality	3	r.LightShaftQuality	1	engine
PostProcessQuality	3	r.MotionBlur.HalfResGather	0	engine
PostProcessQuality	3	r.MotionBlurQuality	4	engine
PostProcessQuality	3	r.RenderTargetPoolMin	400	engine
PostProcessQuality	3	r.SceneColorFringeQuality	1	game
PostProcessQuality	3	r.Tonemapper.Quality	5	engine
PostProcessQuality	3	r.Tonemapper.Sharpen	0.5	game
PostProcessQuality	3	r.Upscale.Quality	3	engine
PostProcessQuality	Cine	r.AmbientOcclusionLevels	-1	engine
PostProcessQuality	Cine	r.AmbientOcclusionMaxQuality	100	engine
PostProcessQuality	Cine	r.AmbientOcclusionMipLevelFactor	0.4	engine
PostProcessQuality	Cine	r.AmbientOcclusionRadiusScale	1.0	engine
PostProcessQuality	Cine	r.Bloom.ScreenPercentage	100	engine
PostProcessQuality	Cine	r.BloomQuality	5	engine
PostProcessQuality	Cine	r.DOF.Gather.AccumulatorQuality	1        ; higher gathering accumulator quality	engine
PostProcessQuality	Cine	r.DOF.Gather.EnableBokehSettings	1       ; bokeh simulation when gathering	engine
PostProcessQuality	Cine	r.DOF.Gather.PostfilterMethod	1          ; Median3x3 postfilering method	engine
PostProcessQuality	Cine	r.DOF.Gather.ResolutionDivisor	1         ; do the gathering at full resolution	engine
PostProcessQuality	Cine	r.DOF.Gather.RingCount	5                 ; high number of samples when gathering	engine
PostProcessQuality	Cine	r.DOF.Kernel.MaxBackgroundRadius	0.025	engine
PostProcessQuality	Cine	r.DOF.Kernel.MaxForegroundRadius	0.025	engine
PostProcessQuality	Cine	r.DOF.Recombine.EnableBokehSettings	1    ; bokeh simulation on slight out of focus	engine
PostProcessQuality	Cine	r.DOF.Recombine.Quality	2                ; highest slight out of focus	engine
PostProcessQuality	Cine	r.DOF.Scatter.BackgroundCompositing	2    ; background scattering occlusion	engine
PostProcessQuality	Cine	r.DOF.Scatter.EnableBokehSettings	1      ; no bokeh simulation when scattering	engine
PostProcessQuality	Cine	r.DOF.Scatter.ForegroundCompositing	1    ; additive foreground scattering	engine
PostProcessQuality	Cine	r.DOF.Scatter.MaxSpriteRatio	0.25        ; only a maximum of 10% of scattered bokeh	engine
PostProcessQuality	Cine	r.DOF.TemporalAAQuality	1                ; more stable temporal accumulation	engine
PostProcessQuality	Cine	r.DepthOfFieldQuality	4	engine
PostProcessQuality	Cine	r.EyeAdaptationQuality	2	engine
PostProcessQuality	Cine	r.FastBlurThreshold	100	engine
PostProcessQuality	Cine	r.Filter.SizeScale	1	engine
PostProcessQuality	Cine	r.GTAO.Numangles	4	engine
PostProcessQuality	Cine	r.LensFlareQuality	3	engine
PostProcessQuality	Cine	r.LightShaftQuality	1	engine
PostProcessQuality	Cine	r.MotionBlur.HalfResGather	0	engine
PostProcessQuality	Cine	r.MotionBlurQuality	4	engine
PostProcessQuality	Cine	r.RenderTargetPoolMin	1000	engine
PostProcessQuality	Cine	r.SceneColorFringeQuality	1	engine
PostProcessQuality	Cine	r.Tonemapper.Quality	5	engine
PostProcessQuality	Cine	r.Upscale.Quality	3	engine
ReflectionQuality	0	r.Lumen.Reflections.Allow	0	engine
ReflectionQuality	0	r.SSR.HalfResSceneColor	1	engine
ReflectionQuality	0	r.SSR.Quality	0	engine
ReflectionQuality	1	r.Lumen.Reflections.Allow	0	engine
ReflectionQuality	1	r.SSR.HalfResSceneColor	1	engine
ReflectionQuality	1	r.SSR.Quality	2	engine
ReflectionQuality	2	r.Lumen.Reflections.Allow	1	engine
ReflectionQuality	2	r.Lumen.Reflections.DownsampleFactor	2	engine
ReflectionQuality	2	r.Lumen.Reflections.MaxRoughnessToTraceForFoliage	0.2	engine
ReflectionQuality	2	r.Lumen.Reflections.ScreenSpaceReconstruction.MinWeight	1	engine
ReflectionQuality	2	r.Lumen.Reflections.ScreenSpaceReconstruction.NumSamples	3	engine
ReflectionQuality	2	r.Lumen.ScreenProbeGather.MaxRoughnessToEvaluateRoughSpecularForFoliage	0.4	engine
ReflectionQuality	2	r.Lumen.TranslucencyReflections.FrontLayer.Allow	0	engine
ReflectionQuality	2	r.Lumen.TranslucencyReflections.FrontLayer.Enable	0	engine
ReflectionQuality	2	r.SSR.HalfResSceneColor	1	engine
ReflectionQuality	2	r.SSR.Quality	2	engine
ReflectionQuality	3	r.Lumen.Reflections.Allow	1	engine
ReflectionQuality	3	r.Lumen.Reflections.DownsampleFactor	1	engine
ReflectionQuality	3	r.Lumen.Reflections.MaxRoughnessToTraceForFoliage	0.4	engine
ReflectionQuality	3	r.Lumen.Reflections.ScreenSpaceReconstruction.MinWeight	0	engine
ReflectionQuality	3	r.Lumen.Reflections.ScreenSpaceReconstruction.NumSamples	5	engine
ReflectionQuality	3	r.Lumen.ScreenProbeGather.MaxRoughnessToEvaluateRoughSpecularForFoliage	0.8	engine
ReflectionQuality	3	r.Lumen.TranslucencyReflections.FrontLayer.Allow	1	engine
ReflectionQuality	3	r.Lumen.TranslucencyReflections.FrontLayer.Enable	0	engine
ReflectionQuality	3	r.SSR.HalfResSceneColor	0	engine
ReflectionQuality	3	r.SSR.Quality	3	engine
ReflectionQuality	Cine	r.Lumen.Reflections.Allow	1	engine
ReflectionQuality	Cine	r.Lumen.Reflections.DownsampleFactor	1	engine
ReflectionQuality	Cine	r.Lumen.Reflections.MaxRoughnessToTraceForFoliage	0.4	engine
ReflectionQuality	Cine	r.Lumen.Reflections.ScreenSpaceReconstruction.MinWeight	0	engine
ReflectionQuality	Cine	r.Lumen.Reflections.ScreenSpaceReconstruction.NumSamples	5	engine
ReflectionQuality	Cine	r.Lumen.ScreenProbeGather.MaxRoughnessToEvaluateRoughSpecularForFoliage	0.8	engine
ReflectionQuality	Cine	r.Lumen.TranslucencyReflections.FrontLayer.Allow	1	engine
ReflectionQuality	Cine	r.Lumen.TranslucencyReflections.FrontLayer.Enable	1	engine
ReflectionQuality	Cine	r.SSR.HalfResSceneColor	0	engine
ReflectionQuality	Cine	r.SSR.Quality	4	engine
ShadingQuality	0	r.AnisotropicMaterials	0	engine
ShadingQuality	0	r.HairStrands.SkyAO.SampleCount	4	engine
ShadingQuality	0	r.HairStrands.SkyLighting.IntegrationType	2	engine
ShadingQuality	0	r.HairStrands.Visibility.MSAA.SamplePerPixel	1	engine
ShadingQuality	1	r.AnisotropicMaterials	0	engine
ShadingQuality	1	r.HairStrands.SkyAO.SampleCount	4	engine
ShadingQuality	1	r.HairStrands.SkyLighting.IntegrationType	2	engine
ShadingQuality	1	r.HairStrands.Visibility.MSAA.SamplePerPixel	1	engine
ShadingQuality	2	r.AnisotropicMaterials	1	engine
ShadingQuality	2	r.HairStrands.SkyAO.SampleCount	4	engine
ShadingQuality	2	r.HairStrands.SkyLighting.IntegrationType	2	engine
ShadingQuality	2	r.HairStrands.Visibility.MSAA.SamplePerPixel	4	engine
ShadingQuality	3	r.AnisotropicMaterials	1	engine
ShadingQuality	3	r.HairStrands.SkyAO.SampleCount	4	engine
ShadingQuality	3	r.HairStrands.SkyLighting.IntegrationType	2	engine
ShadingQuality	3	r.HairStrands.Visibility.MSAA.SamplePerPixel	4	engine
ShadingQuality	Cine	r.AnisotropicMaterials	1	engine
ShadingQuality	Cine	r.HairStrands.SkyAO.SampleCount	8	engine
ShadingQuality	Cine	r.HairStrands.SkyLighting.IntegrationType	1	engine
ShadingQuality	Cine	r.HairStrands.Visibility.MSAA.SamplePerPixel	8	engine
ShadowQuality	0	r.CapsuleShadows	0	game
ShadowQuality	0	r.DistanceFieldAO	0	game
ShadowQuality	0	r.DistanceFieldShadowing	0	game
ShadowQuality	0	r.HeightFieldShadowing	0	game
ShadowQuality	0	r.LightFunctionQuality	0	game
ShadowQuality	0	r.LightMaxDrawDistanceScale	0	game
ShadowQuality	0	r.Shadow.CSM.MaxCascades	1	engine
ShadowQuality	0	r.Shadow.CSM.TransitionScale	0	engine
ShadowQuality	0	r.Shadow.DistanceScale	0.6	engine
ShadowQuality	0	r.Shadow.MaxCSMResolution	512	engine
ShadowQuality	0	r.Shadow.MaxResolution	512	engine
ShadowQuality	0	r.Shadow.PreShadowResolutionFactor	0.5	engine
ShadowQuality	0	r.Shadow.RadiusThreshold	0.06	engine
ShadowQuality	0	r.Shadow.Virtual.MaxPhysicalPages	512	engine
ShadowQuality	0	r.Shadow.Virtual.ResolutionLodBiasDirectional	0.0	engine
ShadowQuality	0	r.Shadow.Virtual.ResolutionLodBiasDirectionalMoving	0.0	engine
ShadowQuality	0	r.Shadow.Virtual.ResolutionLodBiasLocal	1.0	engine
ShadowQuality	0	r.Shadow.Virtual.ResolutionLodBiasLocalMoving	2.0	engine
ShadowQuality	0	r.Shadow.Virtual.SMRT.RayCountDirectional	0	engine
ShadowQuality	0	r.Shadow.Virtual.SMRT.RayCountLocal	0	engine
ShadowQuality	0	r.Shadow.Virtual.SMRT.SamplesPerRayDirectional	2	engine
ShadowQuality	0	r.Shadow.Virtual.SMRT.SamplesPerRayLocal	2	engine
ShadowQuality	0	r.ShadowQuality	0	game
ShadowQuality	0	r.VolumetricFog	0	game
ShadowQuality	1	r.CapsuleMaxDirectOcclusionDistance	500	game
ShadowQuality	1	r.CapsuleShadows	1	game
ShadowQuality	1	r.DFShadowQuality	1	game
ShadowQuality	1	r.DistanceFieldAO	1	game
ShadowQuality	1	r.DistanceFieldShadowing	1	game
ShadowQuality	1	r.HeightFieldShadowing	1	game
ShadowQuality	1	r.LightFunctionQuality	1	game
ShadowQuality	1	r.LightMaxDrawDistanceScale	0.5	engine
ShadowQuality	1	r.Shadow.CSM.MaxCascades	1	game
ShadowQuality	1	r.Shadow.CSM.TransitionScale	0.25	game
ShadowQuality	1	r.Shadow.DistanceScale	0.75	game
ShadowQuality	1	r.Shadow.MaxCSMResolution	512	game
ShadowQuality	1	r.Shadow.MaxResolution	512	game
ShadowQuality	1	r.Shadow.PreShadowResolutionFactor	0.5	engine
ShadowQuality	1	r.Shadow.RadiusThreshold	0.1	game
ShadowQuality	1	r.Shadow.Virtual.MaxPhysicalPages	512	engine
ShadowQuality	1	r.Shadow.Virtual.ResolutionLodBiasDirectional	0.0	engine
ShadowQuality	1	r.Shadow.Virtual.ResolutionLodBiasDirectionalMoving	0.0	engine
ShadowQuality	1	r.Shadow.Virtual.ResolutionLodBiasLocal	1.0	engine
ShadowQuality	1	r.Shadow.Virtual.ResolutionLodBiasLocalMoving	2.0	engine
ShadowQuality	1	r.Shadow.Virtual.SMRT.RayCountDirectional	4	engine
ShadowQuality	1	r.Shadow.Virtual.SMRT.RayCountLocal	4	engine
ShadowQuality	1	r.Shadow.Virtual.SMRT.SamplesPerRayDirectional	2	engine
ShadowQuality	1	r.Shadow.Virtual.SMRT.SamplesPerRayLocal	2	engine
ShadowQuality	1	r.ShadowQuality	3	game
ShadowQuality	1	r.VolumetricFog	0	game
ShadowQuality	2	r.AOQuality	1	game
ShadowQuality	2	r.CapsuleMaxDirectOcclusionDistance	600	game
ShadowQuality	2	r.CapsuleShadows	1	game
ShadowQuality	2	r.DFShadowQuality	2	game
ShadowQuality	2	r.DistanceFieldAO	1	game
ShadowQuality	2	r.DistanceFieldShadowing	1	game
ShadowQuality	2	r.HeightFieldShadowing	1	game
ShadowQuality	2	r.LightFunctionQuality	1	game
ShadowQuality	2	r.LightMaxDrawDistanceScale	1	engine
ShadowQuality	2	r.Shadow.CSM.MaxCascades	2	game
ShadowQuality	2	r.Shadow.CSM.TransitionScale	2.0	game
ShadowQuality	2	r.Shadow.DistanceScale	1.5	game
ShadowQuality	2	r.Shadow.MaxCSMResolution	512	game
ShadowQuality	2	r.Shadow.MaxResolution	512	game
ShadowQuality	2	r.Shadow.PreShadowResolutionFactor	0.5	engine
ShadowQuality	2	r.Shadow.RadiusThreshold	0.05	game
ShadowQuality	2	r.Shadow.Virtual.MaxPhysicalPages	2048	engine
ShadowQuality	2	r.Shadow.Virtual.ResolutionLodBiasDirectional	0.0	engine
ShadowQuality	2	r.Shadow.Virtual.ResolutionLodBiasDirectionalMoving	0.0	engine
ShadowQuality	2	r.Shadow.Virtual.ResolutionLodBiasLocal	0.0	engine
ShadowQuality	2	r.Shadow.Virtual.ResolutionLodBiasLocalMoving	1.0	engine
ShadowQuality	2	r.Shadow.Virtual.SMRT.RayCountDirectional	8	engine
ShadowQuality	2	r.Shadow.Virtual.SMRT.RayCountLocal	4	engine
ShadowQuality	2	r.Shadow.Virtual.SMRT.SamplesPerRayDirectional	4	engine
ShadowQuality	2	r.Shadow.Virtual.SMRT.SamplesPerRayLocal	4	engine
ShadowQuality	2	r.ShadowQuality	4	game
ShadowQuality	2	r.VolumetricFog	0	game
ShadowQuality	2	r.VolumetricFog.GridPixelSize	16	engine
ShadowQuality	2	r.VolumetricFog.GridSizeZ	64	engine
ShadowQuality	2	r.VolumetricFog.HistoryMissSupersampleCount	4	engine
ShadowQuality	3	r.AOQuality	2	game
ShadowQuality	3	r.CapsuleMaxDirectOcclusionDistance	1000	game
ShadowQuality	3	r.CapsuleShadows	1	game
ShadowQuality	3	r.DFShadowQuality	3	game
ShadowQuality	3	r.DistanceFieldAO	1	game
ShadowQuality	3	r.DistanceFieldShadowing	1	game
ShadowQuality	3	r.HeightFieldShadowing	1	game
ShadowQuality	3	r.LightFunctionQuality	1	game
ShadowQuality	3	r.LightMaxDrawDistanceScale	1	engine
ShadowQuality	3	r.Shadow.CSM.MaxCascades	2	game
ShadowQuality	3	r.Shadow.CSM.TransitionScale	2.0	game
ShadowQuality	3	r.Shadow.DistanceScale	2.0	game
ShadowQuality	3	r.Shadow.MaxCSMResolution	2048	game
ShadowQuality	3	r.Shadow.MaxResolution	2048	game
ShadowQuality	3	r.Shadow.PreShadowResolutionFactor	1.0	engine
ShadowQuality	3	r.Shadow.RadiusThreshold	0.01	game
ShadowQuality	3	r.Shadow.Virtual.MaxPhysicalPages	4096	engine
ShadowQuality	3	r.Shadow.Virtual.ResolutionLodBiasDirectional	-1.5	engine
ShadowQuality	3	r.Shadow.Virtual.ResolutionLodBiasDirectionalMoving	-1.5	engine
ShadowQuality	3	r.Shadow.Virtual.ResolutionLodBiasLocal	0.0	engine
ShadowQuality	3	r.Shadow.Virtual.ResolutionLodBiasLocalMoving	1.0	engine
ShadowQuality	3	r.Shadow.Virtual.SMRT.RayCountDirectional	8	engine
ShadowQuality	3	r.Shadow.Virtual.SMRT.RayCountLocal	8	engine
ShadowQuality	3	r.Shadow.Virtual.SMRT.SamplesPerRayDirectional	4	engine
ShadowQuality	3	r.Shadow.Virtual.SMRT.SamplesPerRayLocal	4	engine
ShadowQuality	3	r.ShadowQuality	5	game
ShadowQuality	3	r.VolumetricFog	0	game
ShadowQuality	3	r.VolumetricFog.GridPixelSize	8	engine
ShadowQuality	3	r.VolumetricFog.GridSizeZ	128	engine
ShadowQuality	3	r.VolumetricFog.HistoryMissSupersampleCount	4	engine
ShadowQuality	Cine	r.CapsuleShadows	1	engine
ShadowQuality	Cine	r.DistanceFieldShadowing	1	engine
ShadowQuality	Cine	r.LightFunctionQuality	1	engine
ShadowQuality	Cine	r.LightMaxDrawDistanceScale	1	engine
ShadowQuality	Cine	r.Shadow.CSM.MaxCascades	10	engine
ShadowQuality	Cine	r.Shadow.CSM.TransitionScale	1.0	engine
ShadowQuality	Cine	r.Shadow.DistanceScale	1.0	engine
ShadowQuality	Cine	r.Shadow.MaxCSMResolution	4096	engine
ShadowQuality	Cine	r.Shadow.MaxResolution	4096	engine
ShadowQuality	Cine	r.Shadow.PreShadowResolutionFactor	1.0	engine
ShadowQuality	Cine	r.Shadow.RadiusThreshold	0	engine
ShadowQuality	Cine	r.Shadow.Virtual.MaxPhysicalPages	8192	engine
ShadowQuality	Cine	r.Shadow.Virtual.ResolutionLodBiasDirectional	-1.5	engine
ShadowQuality	Cine	r.Shadow.Virtual.ResolutionLodBiasDirectionalMoving	-1.5	engine
ShadowQuality	Cine	r.Shadow.Virtual.ResolutionLodBiasLocal	0.0	engine
ShadowQuality	Cine	r.Shadow.Virtual.ResolutionLodBiasLocalMoving	0.0	engine
ShadowQuality	Cine	r.Shadow.Virtual.SMRT.RayCountDirectional	16	engine
ShadowQuality	Cine	r.Shadow.Virtual.SMRT.RayCountLocal	16	engine
ShadowQuality	Cine	r.Shadow.Virtual.SMRT.SamplesPerRayDirectional	8	engine
ShadowQuality	Cine	r.Shadow.Virtual.SMRT.SamplesPerRayLocal	8	engine
ShadowQuality	Cine	r.ShadowQuality	5	engine
ShadowQuality	Cine	r.VolumetricFog	1	engine
ShadowQuality	Cine	r.VolumetricFog.GridPixelSize	4	engine
ShadowQuality	Cine	r.VolumetricFog.GridSizeZ	128	engine
ShadowQuality	Cine	r.VolumetricFog.HistoryMissSupersampleCount	16	engine
TSRPreset	0	r.ScreenPercentage	60	game
TSRPreset	1	r.ScreenPercentage	75	game
TSRPreset	2	r.ScreenPercentage	90	game
TSRPreset	3	r.ScreenPercentage	100	game
TSRPreset	Cine	r.ScreenPercentage	100	game
TextureQuality	0	r.MaxAnisotropy	0	engine
TextureQuality	0	r.Streaming.AmortizeCPUToGPUCopy	1	engine
TextureQuality	0	r.Streaming.Boost	0.3	engine
TextureQuality	0	r.Streaming.LimitPoolSizeToVRAM	1	game
TextureQuality	0	r.Streaming.MaxEffectiveScreenSize	0	game
TextureQuality	0	r.Streaming.MaxNumTexturesToStreamPerFrame	1	engine
TextureQuality	0	r.Streaming.MipBias	16	engine
TextureQuality	0	r.Streaming.PoolSize	400	game
TextureQuality	0	r.VT.MaxAnisotropy	4	engine
TextureQuality	1	r.MaxAnisotropy	2	engine
TextureQuality	1	r.Streaming.AmortizeCPUToGPUCopy	0	engine
TextureQuality	1	r.Streaming.Boost	1	engine
TextureQuality	1	r.Streaming.LimitPoolSizeToVRAM	1	game
TextureQuality	1	r.Streaming.MaxEffectiveScreenSize	0	engine
TextureQuality	1	r.Streaming.MaxNumTexturesToStreamPerFrame	0	engine
TextureQuality	1	r.Streaming.MipBias	1	engine
TextureQuality	1	r.Streaming.PoolSize	600	game
TextureQuality	1	r.VT.MaxAnisotropy	4	engine
TextureQuality	2	r.MaxAnisotropy	4	engine
TextureQuality	2	r.Streaming.AmortizeCPUToGPUCopy	0	engine
TextureQuality	2	r.Streaming.Boost	1	engine
TextureQuality	2	r.Streaming.LimitPoolSizeToVRAM	1	game
TextureQuality	2	r.Streaming.MaxEffectiveScreenSize	0	engine
TextureQuality	2	r.Streaming.MaxNumTexturesToStreamPerFrame	0	engine
TextureQuality	2	r.Streaming.MipBias	0	engine
TextureQuality	2	r.Streaming.PoolSize	800	game
TextureQuality	2	r.VT.MaxAnisotropy	8	engine
TextureQuality	3	r.MaxAnisotropy	8	engine
TextureQuality	3	r.Streaming.AmortizeCPUToGPUCopy	0	engine
TextureQuality	3	r.Streaming.Boost	1	engine
TextureQuality	3	r.Streaming.LimitPoolSizeToVRAM	0	game
TextureQuality	3	r.Streaming.MaxEffectiveScreenSize	0	engine
TextureQuality	3	r.Streaming.MaxNumTexturesToStreamPerFrame	0	engine
TextureQuality	3	r.Streaming.MipBias	0	engine
TextureQuality	3	r.Streaming.PoolSize	1000	game
TextureQuality	3	r.VT.MaxAnisotropy	8	engine
TextureQuality	Cine	r.MaxAnisotropy	8	engine
TextureQuality	Cine	r.Streaming.AmortizeCPUToGPUCopy	0	engine
TextureQuality	Cine	r.Streaming.Boost	1	engine
TextureQuality	Cine	r.Streaming.LimitPoolSizeToVRAM	0	game
TextureQuality	Cine	r.Streaming.MaxEffectiveScreenSize	0	engine
TextureQuality	Cine	r.Streaming.MaxNumTexturesToStreamPerFrame	0	engine
TextureQuality	Cine	r.Streaming.MipBias	0	engine
TextureQuality	Cine	r.Streaming.PoolSize	3000	game
TextureQuality	Cine	r.VT.MaxAnisotropy	8	engine
VideoQuality	0	FG.UpScalingMethod	0	game
VideoQuality	0	r.AntiAliasingMethod	1	game
VideoQuality	0	r.VolumetricCloud	0	game
VideoQuality	0	sg.AntiAliasingQuality	0	game
VideoQuality	0	sg.CloudQuality	-1	game
VideoQuality	0	sg.EffectsQuality	0	game
VideoQuality	0	sg.FoliageLoadDistance	0	game
VideoQuality	0	sg.FoliageQuality	0	game
VideoQuality	0	sg.GlobalIlluminationQuality	1	game
VideoQuality	0	sg.PoolLightQuality	0	game
VideoQuality	0	sg.PostProcessQuality	0	game
VideoQuality	0	sg.ShadowQuality	0	game
VideoQuality	0	sg.TSRPreset	4	game
VideoQuality	0	sg.TextureQuality	0	game
VideoQuality	0	sg.ViewDistanceQuality	0	game
VideoQuality	1	FG.UpScalingMethod	0	game
VideoQuality	1	r.AntiAliasingMethod	2	game
VideoQuality	1	sg.AntiAliasingQuality	1	game
VideoQuality	1	sg.CloudQuality	1	game
VideoQuality	1	sg.EffectsQuality	1	game
VideoQuality	1	sg.FoliageLoadDistance	1	game
VideoQuality	1	sg.FoliageQuality	1	game
VideoQuality	1	sg.GlobalIlluminationQuality	1	game
VideoQuality	1	sg.PoolLightQuality	1	game
VideoQuality	1	sg.PostProcessQuality	1	game
VideoQuality	1	sg.ShadowQuality	1	game
VideoQuality	1	sg.TSRPreset	4	game
VideoQuality	1	sg.TextureQuality	1	game
VideoQuality	1	sg.ViewDistanceQuality	1	game
VideoQuality	2	FG.UpScalingMethod	2	game
VideoQuality	2	r.AntiAliasingMethod	2	game
VideoQuality	2	sg.AntiAliasingQuality	2	game
VideoQuality	2	sg.CloudQuality	2	game
VideoQuality	2	sg.EffectsQuality	2	game
VideoQuality	2	sg.FoliageLoadDistance	1	game
VideoQuality	2	sg.FoliageQuality	2	game
VideoQuality	2	sg.GlobalIlluminationQuality	1	game
VideoQuality	2	sg.PoolLightQuality	2	game
VideoQuality	2	sg.PostProcessQuality	2	game
VideoQuality	2	sg.ShadowQuality	2	game
VideoQuality	2	sg.TSRPreset	1	game
VideoQuality	2	sg.TextureQuality	2	game
VideoQuality	2	sg.ViewDistanceQuality	2	game
VideoQuality	3	FG.UpScalingMethod	2	game
VideoQuality	3	r.AntiAliasingMethod	2	game
VideoQuality	3	sg.AntiAliasingQuality	3	game
VideoQuality	3	sg.CloudQuality	3	game
VideoQuality	3	sg.EffectsQuality	3	game
VideoQuality	3	sg.FoliageLoadDistance	2	game
VideoQuality	3	sg.FoliageQuality	3	game
VideoQuality	3	sg.GlobalIlluminationQuality	1	game
VideoQuality	3	sg.PoolLightQuality	3	game
VideoQuality	3	sg.PostProcessQuality	3	game
VideoQuality	3	sg.ShadowQuality	3	game
VideoQuality	3	sg.TSRPreset	1	game
VideoQuality	3	sg.TextureQuality	3	game
VideoQuality	3	sg.ViewDistanceQuality	3	game
VideoQuality	4	FG.ConveyorVisualQuality	3	game
VideoQuality	4	FG.UpScalingMethod	3	game
VideoQuality	4	r.AntiAliasingMethod	2	game
VideoQuality	4	sg.AntiAliasingQuality	3	game
VideoQuality	4	sg.CloudQuality	3	game
VideoQuality	4	sg.DistanceFieldTraceDistance	2	game
VideoQuality	4	sg.EffectsQuality	2	game
VideoQuality	4	sg.FoliageLoadDistance	2	game
VideoQuality	4	sg.FoliageQuality	3	game
VideoQuality	4	sg.GlobalIlluminationQuality	1	game
VideoQuality	4	sg.PoolLightQuality	3	game
VideoQuality	4	sg.PostProcessQuality	3	game
VideoQuality	4	sg.ShadowQuality	2	game
VideoQuality	4	sg.TSRPreset	1	game
VideoQuality	4	sg.TextureQuality	3	game
VideoQuality	4	sg.ViewDistanceQuality	3	game
VideoQuality	5	FG.ConveyorVisualQuality	3	game
VideoQuality	5	FG.UpScalingMethod	3	game
VideoQuality	5	r.AntiAliasingMethod	1	game
VideoQuality	5	r.VolumetricCloud	0	game
VideoQuality	5	sg.AntiAliasingQuality	1	game
VideoQuality	5	sg.CloudQuality	1	game
VideoQuality	5	sg.DistanceFieldTraceDistance	2	game
VideoQuality	5	sg.EffectsQuality	1	game
VideoQuality	5	sg.FoliageLoadDistance	1	game
VideoQuality	5	sg.FoliageQuality	1	game
VideoQuality	5	sg.GlobalIlluminationQuality	1	game
VideoQuality	5	sg.PoolLightQuality	1	game
VideoQuality	5	sg.PostProcessQuality	1	game
VideoQuality	5	sg.ShadowQuality	1	game
VideoQuality	5	sg.TSRPreset	4	game
VideoQuality	5	sg.TextureQuality	3	game
VideoQuality	5	sg.ViewDistanceQuality	1	game
ViewDistanceQuality	0	r.SkeletalMeshLODBias	2	engine
ViewDistanceQuality	0	r.ViewDistanceScale	0.4	engine
ViewDistanceQuality	1	r.SkeletalMeshLODBias	1	engine
ViewDistanceQuality	1	r.ViewDistanceScale	0.6	engine
ViewDistanceQuality	2	r.SkeletalMeshLODBias	0	engine
ViewDistanceQuality	2	r.ViewDistanceScale	0.8	engine
ViewDistanceQuality	3	r.SkeletalMeshLODBias	0	engine
ViewDistanceQuality	3	r.ViewDistanceScale	1.0	engine
ViewDistanceQuality	Cine	r.SkeletalMeshLODBias	0	engine
ViewDistanceQuality	Cine	r.ViewDistanceScale	10.0	engine
